{
   "accuracy": 0.34355053191489365,
   "precision": 0.22353643460323877,
   "recall": 0.24945250967125923,
   "f1-val": 0.2155776587063049,
   "f1-test": 0.2155776587063049
}